Model,Accuracy,Precision,Recall,F1 Score,ROC AUC
Random Forest,0.9689366786140979,0.9630996309963099,0.9422382671480144,0.9525547445255474,0.9944333419288293
Logistic Regression,0.959378733572282,0.9655172413793104,0.9097472924187726,0.9368029739776952,0.987861010830325
SVM,0.7610513739545998,0.8468468468468469,0.33935018050541516,0.4845360824742268,0.8620293965961837
